5db6d86bb936932d95950b3e,5db6f902b9d0d1558f0e172e
5db6ea54534f21434d083031,5db6f902b9d0d1558f0e172e
5db6ea9c534f21434d083032,5dbd59fce35f8a3ee24bd22c
5db6efeada4b6449be391700,5db6f902b9d0d1558f0e172e
5db6f902b9d0d1558f0e172e,5dbd465c329b261c64743a0f
5dbd465c329b261c64743a0f,5db6f902b9d0d1558f0e172e
5dbd59fce35f8a3ee24bd22c,5dbd465c329b261c64743a0f
5dbe9fc430166b122b093d4a,5dbe9fc430166b122b093d4a
5dbea03f30166b122b093d4b,5dbe9fc430166b122b093d4a
5dbea12d30166b122b093d4c,5dbea03f30166b122b093d4b
5dbf82083b19b41307e1a6fd,5db6ea9c534f21434d083032
5dbf835a3b19b41307e1a6fe,5db6d86bb936932d95950b3e
